vartheta,a,SE(a),b,SE(b),axb,SE(axb),p-value,irr_indirect,95_pct_ci_irr
none,,,,,,,,,
0.0,0.068803,0.010408,-2.329076,0.520593,-0.160247,0.043250,0.0002,0.8519,"[0.7827, 0.9273]"
0.1,0.068854,0.010223,-2.133916,0.421740,-0.146928,0.036319,0.0001,0.8634,"[0.8040, 0.9271]"
0.2,0.061705,0.010520,-2.151917,0.427809,-0.132784,0.034776,0.0001,0.8757,"[0.8180, 0.9374]"
0.4,0.051763,0.010876,-1.930443,0.383203,-0.099926,0.028884,0.0005,0.9049,"[0.8551, 0.9576]"
0.5,0.033842,0.010352,-1.890460,0.370760,-0.063976,0.023247,0.0059,0.9380,"[0.8962, 0.9818]"
1.0,-0.543158,0.017594,-1.584879,0.467543,0.860840,0.255476,0.0008,2.3651,"[1.4335, 3.9023]"
-0.2,0.074235,0.009759,-1.966227,0.603405,-0.145963,0.048731,0.0027,0.8642,"[0.7855, 0.9508]"
-0.3,0.075491,0.009723,-1.909322,0.477423,-0.144137,0.040541,0.0004,0.8658,"[0.7996, 0.9374]"
-0.5,0.070395,0.009262,-2.012896,0.581380,-0.141698,0.044973,0.0016,0.8679,"[0.7947, 0.9479]"
-1.0,0.057590,0.009390,-1.989283,0.577407,-0.114562,0.038140,0.0027,0.8918,"[0.8275, 0.9610]"
-1.5,0.054816,0.008537,-1.638917,0.429003,-0.089839,0.027363,0.0010,0.9141,"[0.8663, 0.9644]"
-2.0,0.038479,0.007476,-1.662226,0.458676,-0.063960,0.021586,0.0030,0.9380,"[0.8992, 0.9786]"
-2.5,0.035429,0.007191,-1.602426,0.494895,-0.056773,0.020981,0.0068,0.9448,"[0.9067, 0.9845]"
-4.0,0.031204,0.006291,-1.607387,0.495485,-0.050158,0.018475,0.0066,0.9511,"[0.9173, 0.9861]"
-5.0,0.037444,0.006527,-1.619144,0.488966,-0.060627,0.021140,0.0041,0.9412,"[0.9030, 0.9810]"
-50.0,0.002608,0.001824,-1.606190,0.471916,-0.004188,0.003178,0.1875,0.9958,"[0.9896, 1.0020]"
