vartheta,irr_indirect,95_ci_irr,irr_direct,dr_50,95_ci_dr_50,switchrate
none,,,,,,
0.0,0.9051,"[0.8896, 0.9209]",1.100,0.049286347998554476,"[0.043, 0.055]",0.5182520650146549
0.1,0.9204,"[0.9053, 0.9359]",1.081,0.040855208441727305,"[0.034, 0.047]",0.6164401811883826
0.2,0.9592,"[0.9441, 0.9746]",1.036,0.019731437703236702,"[0.013, 0.027]",0.6456168398614441
0.4,1.1681,"[1.1353, 1.2017]",0.860,-0.0716045017157072,"[-0.080, -0.063]",0.6518784972022382
0.5,1.3302,"[1.2692, 1.3942]",0.768,-0.1330560560529522,"[-0.143, -0.123]",0.6550759392486011
1.0,3.0425,"[2.5992, 3.5614]",0.303,-0.5321214028800952,"[-0.544, -0.521]",0.6705302424726886
-0.2,0.9008,"[0.8851, 0.9168]",1.120,0.05045307344085943,"[0.045, 0.056]",0.2764455102584599
-0.3,0.9046,"[0.8888, 0.9206]",1.121,0.04937350055314485,"[0.044, 0.055]",0.18811617372768452
-0.5,0.9081,"[0.8926, 0.9238]",1.100,0.047788281381406665,"[0.042, 0.053]",0.08646416200373035
-1.0,0.9220,"[0.9084, 0.9359]",1.067,0.03906974851278215,"[0.034, 0.044]",0.027577937649880094
-1.5,0.9347,"[0.9225, 0.9471]",1.052,0.03219725610930284,"[0.027, 0.037]",0.019984012789768184
-2.0,0.9423,"[0.9307, 0.9541]",1.050,0.02780685073909311,"[0.023, 0.032]",0.0165201172395417
-2.5,0.9487,"[0.9374, 0.9602]",1.054,0.024415206690562824,"[0.020, 0.029]",0.014788169464428458
-4.0,0.9617,"[0.9513, 0.9721]",1.046,0.01800808685418642,"[0.014, 0.022]",0.016386890487609912
-5.0,0.9751,"[0.9658, 0.9845]",1.034,0.011626531721632099,"[0.007, 0.016]",0.01532107647215561
-50.0,1.0478,"[1.0372, 1.0585]",0.942,-0.022046971147690546,"[-0.026, -0.018]",0.009059419131361577
